{"stats":{"minecraft:crafted":{"minecraft:crafting_table":1,"minecraft:spruce_planks":92,"minecraft:stick":12,"minecraft:wooden_pickaxe":1,"minecraft:stone_pickaxe":1,"minecraft:stone_axe":1},"minecraft:mined":{"minecraft:coarse_dirt":1,"minecraft:iron_ore":4,"minecraft:spruce_log":23,"minecraft:crafting_table":1,"minecraft:dark_oak_fence":2,"minecraft:coal_ore":19,"minecraft:dirt":7,"minecraft:cobblestone":3,"minecraft:spruce_leaves":2,"minecraft:stone":15},"minecraft:custom":{"minecraft:time_since_rest":53993,"minecraft:sprint_one_cm":9994,"minecraft:damage_taken":200,"minecraft:walk_one_cm":9162,"minecraft:drop":3,"minecraft:interact_with_crafting_table":2,"minecraft:fly_one_cm":4719,"minecraft:open_chest":4,"minecraft:crouch_one_cm":2556,"minecraft:play_time":53993,"minecraft:sneak_time":1148,"minecraft:jump":45,"minecraft:leave_game":2,"minecraft:time_since_death":53993,"minecraft:climb_one_cm":1310,"minecraft:total_world_time":53993,"minecraft:fall_one_cm":1773},"minecraft:dropped":{"minecraft:coarse_dirt":1,"minecraft:wooden_pickaxe":2},"minecraft:used":{"minecraft:stone_pickaxe":70,"minecraft:wooden_pickaxe":12,"minecraft:stone_axe":40,"minecraft:dirt":5,"minecraft:cobblestone":3,"minecraft:crafting_table":1,"minecraft:coarse_dirt":5},"minecraft:picked_up":{"minecraft:raw_iron":4,"minecraft:coarse_dirt":1,"minecraft:crafting_table":1,"minecraft:wooden_pickaxe":1,"minecraft:spruce_sapling":1,"minecraft:spruce_log":23,"minecraft:dirt":7,"minecraft:dark_oak_fence":2,"minecraft:coal":19,"minecraft:cobblestone":16}},"DataVersion":3465}