{"stats":{"minecraft:crafted":{"minecraft:crafting_table":1,"minecraft:spruce_planks":92,"minecraft:stick":12,"minecraft:wooden_pickaxe":1,"minecraft:stone_pickaxe":1,"minecraft:stone_axe":1},"minecraft:mined":{"minecraft:coarse_dirt":1,"minecraft:iron_ore":4,"minecraft:spruce_log":23,"minecraft:dark_prismarine_slab":2,"minecraft:crafting_table":1,"minecraft:dark_oak_fence":2,"minecraft:coal_ore":19,"minecraft:dirt":7,"minecraft:cobblestone":3,"minecraft:spruce_leaves":2,"minecraft:stone":15},"minecraft:custom":{"minecraft:time_since_rest":394,"minecraft:sprint_one_cm":14869,"minecraft:damage_taken":661,"minecraft:walk_one_cm":14412,"minecraft:mob_kills":1,"minecraft:drop":3,"minecraft:damage_dealt":290,"minecraft:interact_with_crafting_table":2,"minecraft:fly_one_cm":31068,"minecraft:open_chest":28,"minecraft:crouch_one_cm":2668,"minecraft:play_time":57989,"minecraft:potato_quest_time":0,"minecraft:deaths":2,"minecraft:sneak_time":1259,"minecraft:jump":70,"minecraft:interact_with_brewingstand":1,"minecraft:leave_game":3,"minecraft:time_since_death":0,"minecraft:total_world_time":57989,"minecraft:climb_one_cm":1310,"minecraft:fall_one_cm":4039},"minecraft:killed":{"minecraft:zombie_villager":1},"minecraft:dropped":{"minecraft:coarse_dirt":1,"minecraft:wooden_pickaxe":2},"minecraft:used":{"minecraft:stone_pickaxe":74,"minecraft:wooden_pickaxe":12,"minecraft:stone_axe":43,"minecraft:dirt":5,"minecraft:cobblestone":3,"minecraft:crafting_table":1,"minecraft:coarse_dirt":5},"minecraft:picked_up":{"minecraft:raw_iron":4,"minecraft:coarse_dirt":1,"minecraft:crafting_table":1,"minecraft:wooden_pickaxe":1,"minecraft:spruce_sapling":1,"minecraft:spruce_log":23,"minecraft:dirt":7,"minecraft:dark_prismarine_slab":2,"minecraft:dark_oak_fence":2,"minecraft:coal":19,"minecraft:cobblestone":16},"minecraft:killed_by":{"minecraft:iron_golem":1,"minecraft:zombie_villager":1}},"DataVersion":3465}