{"stats":{"minecraft:used":{"minecraft:coarse_dirt":2},"minecraft:mined":{"minecraft:coarse_dirt":1,"minecraft:dirt":2},"minecraft:picked_up":{"minecraft:coarse_dirt":1,"minecraft:dirt":2},"minecraft:custom":{"minecraft:jump":4,"minecraft:time_since_rest":6350,"minecraft:crouch_one_cm":71,"minecraft:play_time":6350,"minecraft:damage_taken":170,"minecraft:time_since_death":6350,"minecraft:walk_one_cm":1536,"minecraft:sneak_time":36,"minecraft:total_world_time":6350,"minecraft:fly_one_cm":1941}},"DataVersion":3465}