{"stats":{"minecraft:used":{"minecraft:stone_pickaxe":58,"minecraft:wooden_pickaxe":12,"minecraft:stone_axe":2,"minecraft:dirt":5,"minecraft:cobblestone":3,"minecraft:crafting_table":1,"minecraft:coarse_dirt":5},"minecraft:crafted":{"minecraft:crafting_table":1,"minecraft:spruce_planks":24,"minecraft:stick":12,"minecraft:wooden_pickaxe":1,"minecraft:stone_pickaxe":1,"minecraft:stone_axe":1},"minecraft:mined":{"minecraft:coarse_dirt":1,"minecraft:iron_ore":2,"minecraft:spruce_log":6,"minecraft:crafting_table":1,"minecraft:coal_ore":19,"minecraft:dirt":7,"minecraft:cobblestone":1,"minecraft:spruce_leaves":2,"minecraft:stone":13},"minecraft:dropped":{"minecraft:coarse_dirt":1,"minecraft:wooden_pickaxe":2},"minecraft:picked_up":{"minecraft:coarse_dirt":1,"minecraft:crafting_table":1,"minecraft:raw_iron":2,"minecraft:wooden_pickaxe":1,"minecraft:spruce_sapling":1,"minecraft:spruce_log":6,"minecraft:dirt":7,"minecraft:coal":19,"minecraft:cobblestone":14},"minecraft:custom":{"minecraft:time_since_rest":50178,"minecraft:sprint_one_cm":3568,"minecraft:damage_taken":180,"minecraft:walk_one_cm":6054,"minecraft:drop":3,"minecraft:interact_with_crafting_table":2,"minecraft:fly_one_cm":3661,"minecraft:open_chest":2,"minecraft:crouch_one_cm":2306,"minecraft:play_time":50178,"minecraft:sneak_time":1061,"minecraft:jump":25,"minecraft:leave_game":1,"minecraft:time_since_death":50178,"minecraft:total_world_time":50178,"minecraft:fall_one_cm":1289}},"DataVersion":3465}